DATE,OPEN,HIGH,LOW,CLOSE,VOL,Return_%,True_Range,Avg_Daily_Vol,Trading_Days
1993-01-31,43.97,43.97,43.75,43.94,1003200.0,-0.07,0.22,1003200,1
1993-02-28,43.97,45.12,42.81,44.41,5417600.0,1.0,2.31,285137,19
1993-03-31,44.56,45.84,44.22,45.19,3019200.0,1.4,1.62,131270,23
1993-04-30,45.25,45.25,43.28,44.03,2697200.0,-2.69,1.97,128438,21
1993-05-31,44.09,45.66,43.84,45.22,1808000.0,2.55,1.81,90400,20
1993-06-30,45.38,45.81,44.22,45.06,3438000.0,-0.69,1.59,156273,22
1993-07-31,45.12,45.22,44.16,44.84,6117600.0,-0.62,1.06,291314,21
1993-08-31,44.91,46.56,44.84,46.56,5440100.0,3.69,1.72,247277,22
1993-09-30,46.41,46.59,44.81,45.94,4369900.0,-1.01,1.78,208090,21
1993-10-31,45.88,47.16,45.72,46.84,6972900.0,2.11,1.44,332043,21
1993-11-30,46.78,47.0,45.53,46.34,5351100.0,-0.94,1.47,254814,21
1993-12-31,46.59,47.16,46.38,46.59,6128000.0,0.0,0.78,278545,22
1994-01-31,46.59,48.31,46.41,48.22,6837100.0,3.49,1.91,325576,21
1994-02-28,48.16,48.28,46.56,46.81,10974400.0,-2.79,1.72,577600,19
1994-03-31,46.81,47.31,43.53,44.59,14705500.0,-4.74,3.78,639370,23
1994-04-30,43.34,45.36,43.34,45.09,11429000.0,4.04,2.02,601526,19
1994-05-31,45.09,45.94,44.17,45.81,8545100.0,1.59,1.77,406910,21
1994-06-30,45.7,46.56,44.0,44.47,10352700.0,-2.7,2.56,470577,22
1994-07-31,44.69,46.05,44.38,45.91,5452100.0,2.73,1.67,272605,20
1994-08-31,45.94,47.98,45.66,47.66,7945800.0,3.74,2.33,345470,23
1994-09-30,47.5,47.72,45.73,46.17,6309300.0,-2.8,1.98,300443,21
1994-10-31,46.2,47.7,45.0,47.48,5437600.0,2.77,2.7,258933,21
1994-11-30,47.28,47.33,44.61,45.59,4807300.0,-3.57,2.72,228919,21
1994-12-31,45.64,46.41,44.69,45.56,8568500.0,-0.17,1.72,408024,21
1995-01-31,45.7,47.23,45.69,47.09,2768000.0,3.04,1.55,131810,21
1995-02-28,47.16,49.16,47.0,49.02,5954800.0,3.94,2.16,313411,19
1995-03-31,48.97,50.89,48.22,50.11,4538000.0,2.33,2.67,197304,23
1995-04-30,50.09,51.67,50.06,51.59,4395200.0,2.99,1.61,231326,19
1995-05-31,51.55,53.64,51.39,53.64,6986200.0,4.06,2.25,317555,22
1995-06-30,53.41,55.16,52.75,54.41,5790900.0,1.87,2.41,263223,22
1995-07-31,54.47,56.7,54.2,56.16,5508200.0,3.1,2.5,275410,20
1995-08-31,56.23,56.8,55.42,56.41,8100100.0,0.31,1.38,352178,23
1995-09-30,56.39,58.91,56.34,58.48,7431600.0,3.71,2.56,371580,20
1995-10-31,58.48,59.19,57.27,58.31,8944800.0,-0.29,1.92,406582,22
1995-11-30,58.28,61.2,58.23,60.91,8841700.0,4.5,2.97,421033,21
1995-12-31,60.98,62.8,60.58,61.48,9816800.0,0.82,2.22,490840,20
1996-01-31,61.41,63.69,59.64,63.67,10661800.0,3.69,4.05,484627,22
1996-02-29,63.61,66.69,63.44,63.88,14850400.0,0.42,3.25,742520,20
1996-03-31,64.64,65.97,62.0,64.69,19022700.0,0.07,3.97,905843,21
1996-04-30,65.0,65.81,62.12,65.39,14999300.0,0.6,3.69,714252,21
1996-05-31,65.38,68.44,63.08,66.88,17453200.0,2.29,5.36,793327,22
1996-06-30,66.89,68.5,66.16,67.11,16871800.0,0.33,2.34,843590,20
1996-07-31,67.28,67.7,60.38,64.09,28811500.0,-4.74,7.33,1309614,22
1996-08-31,64.16,67.34,64.06,65.33,15593100.0,1.83,3.28,708777,22
1996-09-30,64.47,69.25,64.38,68.62,17216100.0,6.45,4.88,860805,20
1996-10-31,68.7,71.62,68.44,70.84,14791800.0,3.12,3.19,643122,23
1996-11-30,70.98,76.69,70.27,76.02,24089700.0,7.09,6.42,1204485,20
1996-12-31,75.92,76.58,71.88,73.84,34952800.0,-2.74,4.7,1664419,21
1997-01-31,74.38,79.69,72.75,78.41,43623700.0,5.42,6.94,1982895,22
1997-02-28,78.72,82.0,77.12,79.16,30028800.0,0.56,4.88,1580463,19
1997-03-31,78.75,81.8,75.25,75.38,37514300.0,-4.29,6.55,1875715,20
1997-04-30,75.25,80.69,73.31,80.09,57679300.0,6.44,7.38,2621786,22
1997-05-31,80.22,85.56,79.31,85.16,37473400.0,6.16,6.25,1784448,21
1997-06-30,85.34,90.5,84.08,88.31,47332500.0,3.48,6.42,2253929,21
1997-07-31,88.5,96.03,88.39,95.31,65359700.0,7.7,7.64,2970895,22
1997-08-31,95.5,96.62,89.34,90.38,99046800.0,-5.37,7.28,4716514,21
1997-09-30,90.69,96.38,90.25,94.38,78642200.0,4.07,6.12,3744867,21
1997-10-31,95.25,98.5,84.38,92.06,137440500.0,-3.35,14.12,5975674,23
1997-11-30,93.19,96.81,90.09,95.62,93157400.0,2.62,6.72,4903021,19
1997-12-31,96.22,99.0,92.38,97.06,79162300.0,0.88,6.62,3598286,22
1998-01-31,97.31,99.56,90.91,98.31,104582300.0,1.03,8.66,5229115,20
1998-02-28,99.91,105.53,99.72,105.12,69733700.0,5.22,5.81,3670195,19
1998-03-31,105.25,111.53,103.16,109.94,87316900.0,4.45,8.38,3968950,22
1998-04-30,110.31,113.44,107.62,111.34,118629400.0,0.93,5.81,5649019,21
1998-05-31,111.75,113.31,107.58,109.03,116264800.0,-2.43,5.73,5813240,20
1998-06-30,108.97,114.69,107.5,113.31,141993600.0,3.99,7.19,6454255,22
1998-07-31,114.06,119.23,111.31,111.78,155280200.0,-2.0,7.92,7058191,22
1998-08-31,111.78,112.42,95.0,96.0,268542800.0,-14.12,17.42,12787752,21
1998-09-30,96.06,107.0,93.62,101.75,269370500.0,5.92,13.38,12827167,21
1998-10-31,100.03,110.91,92.22,110.0,249152700.0,9.97,18.69,11325123,22
1998-11-30,110.81,119.72,110.19,116.12,136369000.0,4.79,9.53,6818450,20
1998-12-31,116.12,124.75,113.75,123.31,156026700.0,6.19,11.0,7092123,22
1999-01-31,123.38,128.5,120.38,127.66,141419000.0,3.47,8.12,7443105,19
1999-02-28,128.69,128.84,121.33,123.56,164624900.0,-3.98,7.52,8664468,19
1999-03-31,123.66,132.62,121.78,128.38,148191100.0,3.82,10.84,6443091,23
1999-04-30,129.69,137.5,128.12,133.25,156755700.0,2.75,9.38,7464557,21
1999-05-31,133.44,138.0,128.0,130.2,182566900.0,-2.42,10.0,9128345,20
1999-06-30,130.12,137.5,128.02,137.0,160692200.0,5.28,9.48,7304191,22
1999-07-31,137.0,142.25,132.56,132.75,115669100.0,-3.1,9.69,5508052,21
1999-08-31,132.75,138.78,127.0,132.06,142925900.0,-0.52,11.78,6496632,22
1999-09-30,132.94,136.62,125.56,128.75,167972700.0,-3.15,11.06,7998700,21
1999-10-31,127.94,137.69,123.44,137.0,196829400.0,7.08,14.25,9372829,21
1999-11-30,136.5,143.0,134.59,139.28,125042200.0,2.04,8.41,5954390,21
1999-12-31,139.31,147.56,139.0,146.88,121529300.0,5.43,8.56,5524059,22
2000-01-31,148.25,148.25,135.0,139.56,156770800.0,-5.86,13.25,7838540,20
2000-02-29,139.75,144.56,132.72,137.44,186938300.0,-1.65,11.84,9346915,20
2000-03-31,137.62,155.75,135.03,150.38,247594900.0,9.26,20.72,10764996,23
2000-04-30,150.12,153.11,133.5,145.09,229246200.0,-3.35,19.61,12065589,19
2000-05-31,146.56,148.48,136.5,142.81,161024000.0,-2.56,11.98,7319273,22
2000-06-30,143.69,149.16,143.0,145.28,127146000.0,1.11,6.16,5779364,22
2000-07-31,145.44,151.98,141.52,143.0,106780100.0,-1.68,10.47,5339005,20
2000-08-31,143.62,153.09,142.62,152.34,102365500.0,6.07,10.47,4450674,23
2000-09-30,153.25,153.59,142.12,143.62,113203000.0,-6.28,11.47,5660150,20
2000-10-31,144.28,145.75,130.16,142.95,178392400.0,-0.92,15.59,8108745,22
2000-11-30,142.25,144.3,129.75,132.28,156699900.0,-7.01,14.55,7461900,21
2000-12-31,133.19,139.56,125.53,131.19,165416700.0,-1.5,14.03,8270835,20
2001-01-31,132.0,138.7,127.56,137.02,181296400.0,3.8,11.14,8633162,21
2001-02-28,137.1,137.99,121.8,123.95,178607000.0,-9.59,16.19,9400368,19
2001-03-31,124.05,127.75,108.04,116.69,318187200.0,-5.93,19.71,14463055,22
2001-04-30,116.3,127.27,109.3,126.66,251839700.0,8.91,17.97,12591985,20
2001-05-31,125.07,132.09,123.44,125.95,208040000.0,0.7,8.65,9456364,22
2001-06-30,126.2,129.23,120.4,122.6,203578200.0,-2.85,8.83,9694200,21
2001-07-31,122.8,124.32,116.75,121.35,196892900.0,-1.18,7.57,9375852,21
2001-08-31,121.97,123.25,112.04,114.15,269599600.0,-6.41,11.21,11721722,23
2001-09-30,113.85,116.17,93.8,104.44,419156100.0,-8.27,22.37,27943740,15
2001-10-31,103.9,111.79,102.83,105.8,512612000.0,1.83,8.96,22287478,23
2001-11-30,106.6,116.9,105.7,114.05,372515000.0,6.99,11.2,17738810,21
2001-12-31,113.65,118.0,112.0,114.3,308403900.0,0.57,6.0,15420195,20
2002-01-31,115.11,117.99,108.4,113.18,349380000.0,-1.68,9.59,16637143,21
2002-02-28,113.09,113.3,107.82,111.15,424492600.0,-1.72,5.48,22341716,19
2002-03-31,111.72,117.9,111.51,114.52,385578100.0,2.51,6.39,19278905,20
2002-04-30,114.23,115.1,106.63,107.86,404461000.0,-5.58,8.47,18384591,22
2002-05-31,107.97,111.25,104.9,107.22,452626500.0,-0.69,6.35,20573932,22
2002-06-30,107.09,107.6,95.19,98.96,534883500.0,-7.59,12.41,26744175,20
2002-07-31,99.18,99.8,77.68,91.16,1124248800.0,-8.09,22.12,51102218,22
2002-08-31,90.88,97.15,83.55,91.78,936191200.0,0.99,13.6,42554145,22
2002-09-30,90.73,93.33,80.9,81.79,1013828600.0,-9.85,12.43,50691430,20
2002-10-31,82.43,91.29,77.07,88.52,1344248100.0,7.39,14.22,58445570,23
2002-11-30,88.35,94.95,87.45,93.98,818243400.0,6.37,7.5,40912170,20
2002-12-31,95.47,96.05,87.11,88.23,728285900.0,-7.58,8.94,34680281,21
2003-01-31,88.85,93.86,84.15,86.06,911319900.0,-3.14,9.71,43396186,21
2003-02-28,86.14,86.81,81.0,84.9,862248300.0,-1.44,5.81,45381489,19
2003-03-31,85.26,89.88,79.38,84.74,1156870200.0,-0.61,10.5,55089057,21
2003-04-30,85.25,92.8,84.91,91.91,996114200.0,7.81,7.89,47434010,21
2003-05-31,91.92,97.09,90.5,96.95,881509900.0,5.47,6.59,41976662,21
2003-06-30,97.53,102.18,96.67,97.63,867970200.0,0.1,5.51,41331914,21
2003-07-31,97.25,101.9,96.43,99.39,895260500.0,2.2,5.47,40693659,22
2003-08-31,99.19,101.82,96.34,101.44,772702000.0,2.27,5.48,36795333,21
2003-09-30,101.64,104.7,99.25,99.95,818513400.0,-1.66,5.45,38976829,21
2003-10-31,100.24,105.97,100.2,105.3,831700900.0,5.05,5.77,36160909,23
2003-11-30,105.75,106.95,103.62,106.45,630654200.0,0.66,3.33,33192326,19
2003-12-31,106.85,111.52,105.96,111.28,678350400.0,4.15,5.56,30834109,22
2004-01-31,111.74,116.5,110.73,113.48,737674000.0,1.56,5.77,36883700,20
2004-02-29,113.7,116.6,112.78,115.02,676976900.0,1.16,3.82,35630363,19
2004-03-31,115.43,116.97,108.85,113.1,1125003900.0,-2.02,8.12,48913213,23
2004-04-30,113.07,115.41,110.9,110.96,968620900.0,-1.87,4.51,46124805,21
2004-05-31,111.37,113.26,108.06,112.86,981083900.0,1.34,5.2,49054195,20
2004-06-30,112.46,114.94,111.87,114.53,721880400.0,1.84,3.07,34375257,21
2004-07-31,114.25,114.4,108.21,110.84,954619200.0,-2.98,6.19,45458057,21
2004-08-31,110.19,111.63,106.59,111.11,922892000.0,0.83,5.04,41949636,22
2004-09-30,110.95,113.74,110.41,111.76,790891900.0,0.73,3.33,37661519,21
2004-10-31,112.26,114.68,109.35,113.2,1044071300.0,0.84,5.33,49717681,21
2004-11-30,113.56,119.14,113.2,117.89,961601700.0,3.81,5.94,45790557,21
2004-12-31,118.16,121.66,117.73,120.87,909170200.0,2.29,3.93,41325918,22
2005-01-31,121.56,121.76,116.37,118.16,1184211500.0,-2.8,5.39,59210575,20
2005-02-28,118.25,121.67,118.1,120.63,1025608400.0,2.01,3.57,53979389,19
2005-03-31,120.82,123.25,116.25,117.96,1330548800.0,-2.37,7.0,60479491,22
2005-04-30,118.63,119.26,113.55,115.75,1633318500.0,-2.43,5.71,77777071,21
2005-05-31,116.07,120.25,114.8,119.48,1334647300.0,2.94,5.45,63554633,21
2005-06-30,119.52,121.94,118.75,119.18,1089322900.0,-0.28,3.19,49514677,22
2005-07-31,119.45,124.64,118.26,123.74,1176306400.0,3.59,6.38,58815320,20
2005-08-31,123.83,124.74,120.38,122.58,1306564800.0,-1.01,4.36,56807165,23
2005-09-30,122.52,124.74,120.44,123.04,1287005000.0,0.42,4.3,61285952,21
2005-10-31,122.96,123.34,116.88,120.13,1784566400.0,-2.3,6.46,84979352,21
2005-11-30,120.58,127.41,120.13,125.41,1183732800.0,4.01,7.28,56368229,21
2005-12-31,126.02,128.09,124.36,124.51,1073146800.0,-1.2,3.73,51102229,21
2006-01-31,125.19,129.44,124.39,127.5,1233910800.0,1.85,5.05,61695540,20
2006-02-28,127.82,130.04,125.4,128.23,1145244400.0,0.32,4.64,60276021,19
2006-03-31,128.6,131.47,127.18,129.83,1350777100.0,0.96,4.29,58729439,23
2006-04-30,130.07,131.86,128.02,131.47,1300327900.0,1.08,3.84,68438311,19
2006-05-31,131.47,132.8,124.76,127.51,1752747100.0,-3.01,8.04,79670323,22
2006-06-30,127.38,129.43,122.34,127.28,2163829300.0,-0.08,7.09,98355877,22
2006-07-31,127.43,128.14,122.39,127.85,1691301400.0,0.33,5.75,84565070,20
2006-08-31,127.34,131.04,126.28,130.64,1420345400.0,2.59,4.76,61754148,23
2006-09-30,131.14,133.99,129.35,133.58,1363687900.0,1.86,4.64,68184395,20
2006-10-31,133.54,139.0,132.65,137.79,1443344100.0,3.18,6.35,65606550,22
2006-11-30,138.22,141.16,135.62,140.53,1502059900.0,1.67,5.54,71526662,21
2006-12-31,140.53,143.24,138.97,141.62,1212756800.0,0.78,4.27,60637840,20
2007-01-31,142.25,144.13,140.25,143.75,1330329900.0,1.05,3.88,66516495,20
2007-02-28,144.15,146.42,139.0,140.93,1494548900.0,-2.23,7.42,78660468,19
2007-03-31,139.34,143.81,136.75,142.0,2918304400.0,1.91,7.06,132650200,22
2007-04-30,142.16,149.8,141.48,148.29,1791289900.0,4.31,8.32,89564495,20
2007-05-31,148.42,153.89,147.67,153.32,2508178000.0,3.3,6.22,114008091,22
2007-06-30,153.88,154.4,148.06,150.43,3502885400.0,-2.24,6.34,166804067,21
2007-07-31,150.87,155.53,145.04,145.72,3988676200.0,-3.41,10.49,189936962,21
2007-08-31,145.18,150.59,137.0,147.59,6195918600.0,1.66,13.59,269387765,23
2007-09-30,147.45,154.39,144.33,152.58,2967009200.0,3.48,10.06,156158379,19
2007-10-31,152.6,157.52,148.66,154.65,3850069600.0,1.34,8.86,167394330,23
2007-11-30,153.29,153.41,140.66,148.66,5472709900.0,-3.02,12.75,260605233,21
2007-12-31,148.19,152.89,143.96,146.21,3293787500.0,-1.34,8.93,164689375,20
2008-01-31,146.53,146.99,126.0,137.37,6106834300.0,-6.25,20.99,290801633,21
2008-02-29,137.94,139.61,131.73,133.82,4151028600.0,-2.99,7.88,207551430,20
2008-03-31,133.14,135.81,126.07,131.97,5462121800.0,-0.88,9.74,273106090,20
2008-04-30,133.61,140.59,132.33,138.26,4014652600.0,3.48,8.26,182484209,22
2008-05-31,138.38,144.3,137.52,140.35,3646997000.0,1.42,6.78,173666524,21
2008-06-30,139.83,140.89,127.04,127.98,5408930000.0,-8.47,13.85,257568095,21
2008-07-31,126.52,129.16,120.02,126.83,7156206800.0,0.25,9.14,325282127,22
2008-08-31,127.12,131.51,124.76,128.79,4344355500.0,1.31,6.75,206874071,21
2008-09-30,130.03,130.71,110.53,115.99,8105188900.0,-10.8,20.18,385961376,21
2008-10-31,115.27,116.69,83.58,96.83,11882352200.0,-16.0,33.11,516624009,23
2008-11-30,96.78,100.86,74.34,90.09,8762237000.0,-6.91,26.52,461170368,19
2008-12-31,87.51,92.43,81.86,90.24,6919927700.0,3.12,10.57,314542168,22
2009-01-31,90.44,94.45,80.05,82.83,6872039400.0,-8.41,14.4,343601970,20
2009-02-28,81.57,87.74,73.81,73.93,7275092500.0,-9.37,13.93,382899605,19
2009-03-31,72.52,83.3,67.1,79.52,8813959700.0,9.65,16.2,400634532,22
2009-04-30,78.53,89.02,78.33,87.42,6023006600.0,11.32,10.69,286809838,21
2009-05-31,87.44,93.7,86.72,92.53,5195735600.0,5.82,6.98,259786780,20
2009-06-30,93.67,96.11,88.85,91.95,5054855000.0,-1.84,7.26,229766136,22
2009-07-31,92.34,99.83,87.0,98.81,4295844600.0,7.01,12.83,195265664,22
2009-08-31,99.85,104.35,98.11,102.46,3957574800.0,2.61,6.24,188455943,21
2009-09-30,101.95,108.06,99.57,105.59,3777956700.0,3.57,8.49,179902700,21
2009-10-31,103.0,110.31,101.99,103.56,4481700800.0,0.54,8.32,203713673,22
2009-11-30,104.13,111.74,103.08,109.94,3430866200.0,5.58,8.66,171543310,20
2009-12-31,110.92,113.03,109.02,111.44,2883885800.0,0.47,4.01,131085718,22
2010-01-31,112.37,115.14,107.22,107.39,3706842300.0,-4.43,7.92,195096963,19
2010-02-28,108.15,111.58,104.58,110.74,4451912400.0,2.39,7.0,234311179,19
2010-03-31,111.2,118.17,111.17,117.0,3899688500.0,5.22,7.0,169551674,23
2010-04-30,117.8,122.12,117.1,118.81,3887089700.0,0.86,5.02,185099510,21
2010-05-31,119.38,120.68,104.38,109.37,7413878800.0,-8.38,16.3,370693940,20
2010-06-30,108.35,113.2,102.88,103.22,5706059600.0,-4.73,10.32,259366345,22
2010-07-31,103.15,112.29,101.13,110.27,4725402000.0,6.9,11.16,225019143,21
2010-08-31,111.99,113.18,104.29,105.31,4541971600.0,-5.96,8.89,206453255,22
2010-09-30,106.73,115.79,106.66,114.13,4035642500.0,6.93,9.13,192173452,21
2010-10-31,114.99,119.76,113.18,118.49,3767490800.0,3.04,6.58,179404324,21
2010-11-30,119.07,122.95,117.59,118.49,3983708900.0,-0.49,5.36,189700424,21
2010-12-31,120.2,126.2,120.19,125.75,2722749900.0,4.62,6.01,123761359,22
2011-01-31,126.71,130.35,125.7,128.68,2860314700.0,1.55,4.65,143015735,20
2011-02-28,129.46,134.69,129.38,133.15,2820073500.0,2.85,5.31,148424921,19
2011-03-31,133.57,133.69,125.28,132.59,4787459400.0,-0.73,8.41,208150409,23
2011-04-30,133.41,136.57,129.51,136.43,2812718500.0,2.26,7.06,140635925,20
2011-05-31,137.07,137.18,131.38,134.9,3337607300.0,-1.58,5.8,158933681,21
2011-06-30,134.51,134.92,126.19,131.97,4710433400.0,-1.89,8.73,214110609,22
2011-07-31,132.09,135.7,127.97,129.33,3840768000.0,-2.09,7.73,192038400,20
2011-08-31,130.84,130.96,110.27,122.22,9050451800.0,-6.59,20.69,393497904,23
2011-09-30,122.29,123.4,111.3,113.15,6188283200.0,-7.47,12.1,294680152,21
2011-10-31,112.49,129.42,107.43,125.5,5721102000.0,11.57,21.99,272433429,21
2011-11-30,122.03,128.02,116.2,124.99,5013586000.0,2.43,11.82,238742190,21
2011-12-31,124.85,127.26,120.03,125.5,3848636100.0,0.52,7.23,183268386,21
2012-01-31,127.76,133.4,126.43,131.32,2883821400.0,2.79,6.97,144191070,20
2012-02-29,132.29,138.19,132.13,137.02,2894582000.0,3.58,6.06,144729100,20
2012-03-31,137.31,141.83,134.36,140.81,3057516200.0,2.55,7.47,138978009,22
2012-04-30,140.64,142.21,135.76,139.87,3035644100.0,-0.55,6.45,151782205,20
2012-05-31,139.79,141.66,129.55,131.47,4004156100.0,-5.95,12.11,182007095,22
2012-06-30,129.41,136.27,127.14,136.1,3644886200.0,5.17,9.13,173566010,21
2012-07-31,136.48,139.34,132.6,137.71,2864743300.0,0.9,6.74,136416348,21
2012-08-31,138.7,143.09,135.58,141.16,2413590900.0,1.77,7.51,104938735,23
2012-09-30,141.04,148.11,140.13,143.97,2391233500.0,2.08,7.98,125854395,19
2012-10-31,144.52,147.16,140.39,141.35,2719915500.0,-2.19,6.77,129519786,21
2012-11-30,141.65,143.72,134.7,142.15,3032769100.0,0.35,9.02,144417576,21
2012-12-31,142.8,145.58,139.54,142.41,2889875900.0,-0.27,6.04,144493795,20
2013-01-31,145.11,150.94,144.73,149.7,2587140200.0,3.16,6.21,123197152,21
2013-02-28,150.65,153.28,148.73,151.61,2581459300.0,0.64,4.55,135866279,19
2013-03-31,151.09,156.85,150.41,156.67,2330972300.0,3.69,6.44,116548615,20
2013-04-30,156.59,159.72,153.55,159.68,2907035000.0,1.97,6.17,132137955,22
2013-05-31,159.33,169.07,158.1,163.45,2781596000.0,2.59,10.97,126436182,22
2013-06-30,163.83,165.99,155.73,160.42,3533321800.0,-2.08,10.26,176666090,20
2013-07-31,161.26,169.86,160.22,168.71,2330904500.0,4.62,9.64,105950205,22
2013-08-31,169.99,170.97,163.05,163.65,2283131700.0,-3.73,7.92,103778714,22
2013-09-30,165.23,173.6,163.7,168.01,2226749600.0,1.68,9.9,111337480,20
2013-10-31,168.14,177.51,164.53,175.79,2901739000.0,4.55,12.98,126162565,23
2013-11-30,176.02,181.75,174.76,181.0,1930952900.0,2.83,6.99,96547645,20
2013-12-31,181.09,184.69,177.32,184.69,2232775900.0,1.99,7.37,106322662,21
2014-01-31,183.98,184.94,176.88,178.18,2530650900.0,-3.15,8.06,120507186,21
2014-02-28,177.97,187.15,173.71,186.29,2394184600.0,4.67,13.44,126009716,19
2014-03-31,184.65,189.02,183.75,187.01,2554084300.0,1.28,5.27,121623062,21
2014-04-30,187.62,189.7,181.31,188.31,2345902000.0,0.37,8.39,111709619,21
2014-05-31,188.22,192.8,186.01,192.68,1781093800.0,2.37,6.79,84813990,21
2014-06-30,192.95,196.6,191.97,195.72,1675047300.0,1.44,4.63,79764157,21
2014-07-31,196.2,199.06,192.97,193.09,1893710200.0,-1.59,6.09,86077736,22
2014-08-31,192.56,200.82,190.55,200.71,1829885000.0,4.23,10.27,87137381,21
2014-09-30,200.97,201.9,196.05,197.02,2106462700.0,-1.97,5.85,100307748,21
2014-10-31,196.7,201.82,181.92,201.66,3943068000.0,2.52,19.9,171437739,23
2014-11-30,201.92,207.87,200.06,207.2,1571091800.0,2.61,7.81,82689042,19
2014-12-31,206.4,212.97,197.86,205.54,3045171000.0,-0.42,15.11,138416864,22
2015-01-31,206.38,206.88,198.55,199.45,3183506000.0,-3.36,8.33,159175300,20
2015-02-28,200.05,212.24,197.86,210.66,1901638100.0,5.3,14.38,100086216,19
2015-03-31,210.78,212.06,204.12,206.43,2749923000.0,-2.06,7.94,124996500,22
2015-04-30,206.39,212.48,204.51,208.46,2036685200.0,1.0,7.97,96985010,21
2015-05-31,209.4,213.78,206.76,211.14,1892519900.0,0.83,7.02,94625995,20
2015-06-30,211.94,213.34,205.28,205.85,2535242600.0,-2.87,8.06,115238300,22
2015-07-31,207.73,213.18,204.11,210.5,2452758000.0,1.33,9.07,111489000,22
2015-08-31,210.46,211.31,182.4,197.67,3734926900.0,-6.08,28.91,177853662,21
2015-09-30,193.12,202.89,186.93,191.63,3279512900.0,-0.77,15.96,156167281,21
2015-10-31,192.08,209.44,189.12,207.93,2536184400.0,8.25,20.32,115281109,22
2015-11-30,208.32,211.66,202.18,208.69,1924512800.0,0.18,9.48,96225640,20
2015-12-31,209.44,211.0,199.83,203.87,2924882300.0,-2.66,11.17,132949195,22
2016-01-31,200.49,201.9,181.02,193.72,3712950900.0,-3.38,20.88,195418468,19
2016-02-29,192.53,196.68,181.09,193.56,2920730800.0,0.53,15.59,146036540,20
2016-03-31,195.01,206.87,194.45,205.52,2323306500.0,5.39,12.42,105604841,22
2016-04-30,204.35,210.92,203.09,206.33,1910635600.0,0.97,7.83,90982648,21
2016-05-31,206.92,210.69,202.78,209.84,1828530900.0,1.41,7.91,87072900,21
2016-06-30,209.12,212.52,198.65,209.48,2612406900.0,0.17,13.87,118745768,22
2016-07-31,209.48,217.54,207.06,217.12,1648453700.0,3.65,10.48,82422685,20
2016-08-31,217.19,219.6,214.25,217.38,1519703200.0,0.09,5.35,66074052,23
2016-09-30,217.37,219.22,212.31,216.3,2292393000.0,-0.49,6.91,109161571,21
2016-10-31,215.82,216.7,211.21,212.55,1725687400.0,-1.52,5.49,82175590,21
2016-11-30,212.93,221.82,208.38,220.38,2073824400.0,3.5,13.44,98753543,21
2016-12-31,220.73,228.34,219.15,223.53,1821910200.0,1.27,9.19,86757629,21
2017-01-31,225.04,229.71,223.88,227.53,1482408500.0,1.11,5.83,74120425,20
2017-02-28,227.53,237.31,226.82,236.47,1365136600.0,3.93,10.49,71849295,19
2017-03-31,238.39,240.32,231.61,235.74,1921474100.0,-1.11,8.71,83542352,23
2017-04-30,235.8,239.53,232.51,238.08,1549613700.0,0.97,7.02,81558616,19
2017-05-31,238.68,242.08,235.43,241.44,1492547000.0,1.16,6.65,67843045,22
2017-06-30,241.97,245.01,239.96,241.8,1572753000.0,-0.07,5.05,71488773,22
2017-07-31,242.88,248.0,240.34,246.77,1055908800.0,1.6,7.66,52795440,20
2017-08-31,247.46,248.91,241.83,247.49,1557031500.0,0.01,7.08,67697022,23
2017-09-30,247.92,251.32,244.95,251.23,1286405100.0,1.34,6.37,64320255,20
2017-10-31,251.49,257.89,251.29,257.15,1320624600.0,2.25,6.6,60028391,22
2017-11-30,258.04,266.05,255.63,265.01,1365620900.0,2.7,10.42,65029567,21
2017-12-31,264.76,268.6,260.76,266.86,1715222900.0,0.79,7.84,85761145,20
2018-01-31,267.84,286.63,267.4,281.9,1985506700.0,5.25,19.23,94547938,21
2018-02-28,281.07,283.06,252.92,271.65,2923722000.0,-3.35,30.14,153880105,19
2018-03-31,271.41,280.41,257.83,263.15,2323561800.0,-3.04,22.58,110645800,21
2018-04-30,262.55,271.3,254.67,264.51,1998466500.0,0.75,16.63,95165071,21
2018-05-31,263.87,274.25,259.05,270.94,1606397200.0,2.68,15.2,73018055,22
2018-06-30,272.41,279.48,268.49,271.28,1599001000.0,-0.41,10.99,76142905,21
2018-07-31,269.51,284.37,269.24,281.33,1266892500.0,4.39,15.13,60328214,21
2018-08-31,281.56,291.74,279.16,290.31,1308443700.0,3.11,12.58,56888857,23
2018-09-30,289.84,293.94,286.71,290.72,1228103300.0,0.3,7.23,64637016,19
2018-10-31,292.11,293.21,259.85,270.63,3024345800.0,-7.35,33.36,131493296,23
2018-11-30,271.6,281.22,263.07,275.65,2021061200.0,1.49,18.15,96241010,21
2018-12-31,280.28,280.4,233.76,249.92,3102780500.0,-10.83,46.64,163304237,19
2019-01-31,245.98,270.47,243.67,269.93,2048691700.0,9.74,26.8,97556748,21
2019-02-28,270.15,281.31,267.83,278.68,1371716300.0,3.16,13.48,72195595,19
2019-03-31,280.44,285.18,272.42,282.48,1678081300.0,0.73,12.76,79908633,21
2019-04-30,284.7,294.45,284.4,294.02,1209204700.0,3.27,10.05,57581176,21
2019-05-31,294.72,294.95,275.24,275.27,1845593200.0,-6.6,19.71,83890600,22
2019-06-30,275.31,296.31,273.09,293.0,1340435600.0,6.43,23.22,67021780,20
2019-07-31,296.68,302.23,294.33,297.43,1110102300.0,0.25,7.9,50459195,22
2019-08-31,297.6,300.87,281.72,292.45,2034004800.0,-1.73,19.15,92454764,22
2019-09-30,290.57,302.63,289.27,296.77,1303830000.0,2.13,13.36,65191500,20
2019-10-31,297.74,304.55,284.82,303.33,1386748300.0,1.88,19.73,60293404,23
2019-11-30,304.92,315.48,304.74,314.31,1037123500.0,3.08,10.74,51856175,20
2019-12-31,314.59,323.8,307.13,321.86,1285175800.0,2.31,16.67,61198848,21
2020-01-31,323.54,332.95,320.36,321.73,1392003800.0,-0.56,12.59,66285895,21
2020-02-29,323.35,339.08,285.54,296.26,2110214900.0,-8.38,53.54,111063942,19
2020-03-31,298.21,313.84,218.26,257.75,5926017600.0,-13.57,95.58,269364436,22
2020-04-30,247.98,294.88,243.9,290.48,2819312300.0,17.14,50.98,134252967,21
2020-05-31,285.31,306.84,272.99,304.32,1910460500.0,6.66,33.85,95523025,20
2020-06-30,303.62,323.41,296.74,308.36,2358674500.0,1.56,26.67,107212477,22
2020-07-31,309.57,327.23,309.07,326.52,1505145300.0,5.48,18.16,68415695,22
2020-08-31,328.32,351.3,327.73,349.31,1045563300.0,6.39,23.57,49788729,21
2020-09-30,350.21,358.75,319.8,334.89,1814712700.0,-4.37,38.95,86414890,21
2020-10-31,337.69,354.02,322.6,326.54,1629016100.0,-3.3,31.42,74046186,22
2020-11-30,330.2,364.38,327.24,362.06,1535244300.0,9.65,37.14,76762215,20
2020-12-31,365.57,378.46,362.03,373.88,1344541500.0,2.27,16.43,61115523,22
2021-01-31,375.31,385.85,364.82,370.07,1402265400.0,-1.4,21.03,73803442,19
2021-02-28,373.72,394.17,370.38,380.36,1307806200.0,1.78,23.79,68831905,19
2021-03-31,385.59,398.12,371.88,396.33,2401715800.0,2.79,26.24,104422426,23
2021-04-30,398.4,420.72,398.18,417.3,1462106600.0,4.74,22.54,69624124,21
2021-05-31,419.43,422.82,404.0,420.04,1547235900.0,0.15,18.82,77361795,20
2021-06-30,422.57,428.78,414.7,428.06,1282152400.0,1.3,14.08,58279655,22
2021-07-31,428.87,441.8,421.97,438.51,1422104700.0,2.25,19.83,67719271,21
2021-08-31,440.34,453.07,436.1,451.56,1254001400.0,2.55,16.97,57000064,22
2021-09-30,452.56,454.05,428.78,429.14,1745559600.0,-5.18,25.27,83121886,21
2021-10-31,430.98,459.56,426.36,459.25,1508665200.0,6.56,33.2,71841200,21
2021-11-30,460.3,473.54,455.3,455.56,1335351500.0,-1.03,18.24,63588167,21
2021-12-31,461.64,479.0,448.92,474.96,1927433900.0,2.89,30.08,87610632,22
2022-01-31,476.3,479.98,420.76,449.91,2485167800.0,-5.54,59.22,124258390,20
2022-02-28,450.68,458.12,410.64,436.63,2297975100.0,-3.12,47.48,120946058,19
2022-03-31,435.04,462.07,415.12,451.64,2380929500.0,3.82,46.95,103518674,23
2022-04-30,453.31,457.83,411.21,412.0,1856757400.0,-9.11,46.62,92837870,20
2022-05-31,412.07,429.66,380.54,412.93,2418478100.0,0.21,49.12,115165624,21
2022-06-30,415.17,417.44,362.17,377.25,1958611900.0,-9.13,55.27,93267233,21
2022-07-31,376.56,413.03,371.04,411.99,1437748400.0,9.41,41.99,71887420,20
2022-08-31,409.15,431.73,395.04,395.18,1443394400.0,-3.41,36.69,62756278,23
2022-09-30,392.89,411.73,357.04,357.18,1998908600.0,-9.09,54.69,95186124,21
2022-10-31,361.08,389.52,348.11,386.21,2024732000.0,6.96,41.41,96415810,21
2022-11-30,390.14,407.68,368.79,407.68,1745985300.0,4.5,38.89,83142157,21
2022-12-31,408.77,410.49,374.77,382.43,1735973600.0,-6.44,35.72,82665410,21
2023-01-31,384.37,408.16,377.83,406.48,1575450100.0,5.75,30.33,78772505,20
2023-02-28,405.21,418.31,393.64,396.26,1603094700.0,-2.21,24.67,84373405,19
2023-03-31,395.41,409.7,380.65,409.39,2515995800.0,3.54,29.05,109391122,23
2023-04-30,408.85,415.94,403.78,415.93,1395780500.0,1.73,12.16,73462132,19
2023-05-31,415.47,422.58,403.74,417.85,1780909100.0,0.57,18.84,80950414,22
2023-06-30,418.09,444.3,416.79,443.28,1749901500.0,6.03,27.51,83328643,21
2023-07-31,442.92,459.44,437.06,457.79,1374698500.0,3.36,22.38,68734925,20
2023-08-31,456.27,457.25,433.01,450.35,1754892500.0,-1.3,24.24,76299674,23
2023-09-30,453.17,453.67,422.29,427.48,1588981600.0,-5.67,31.38,79449080,20
2023-10-31,426.62,438.14,409.21,418.2,1999294400.0,-1.97,28.93,90877018,22
2023-11-30,419.2,458.32,418.65,456.4,1500017600.0,8.87,39.67,71429410,21
2023-12-31,455.77,477.55,454.31,475.31,1643624300.0,4.29,23.24,82181215,20
2024-01-31,472.16,491.62,466.43,482.88,1700872500.0,2.27,25.19,80993929,21
2024-02-29,484.63,510.13,483.8,508.08,1393307200.0,4.84,26.33,69665360,20
2024-03-31,508.98,524.61,504.91,523.07,1473501100.0,2.77,19.7,73675055,20
2024-04-30,523.83,524.38,493.86,501.98,1593138700.0,-4.17,30.52,72415395,22
2024-05-31,501.38,533.07,499.55,527.37,1153206200.0,5.18,33.52,52418464,22
2024-06-30,529.02,550.28,522.6,544.22,888367600.0,2.87,27.68,46756189,19
2024-07-31,545.63,565.16,537.45,550.81,1038465500.0,0.95,27.71,47202977,22
2024-08-31,552.57,564.2,510.27,563.68,1244599000.0,2.01,53.93,56572682,22
2024-09-30,560.47,574.71,539.44,573.76,1044988300.0,2.37,35.27,52249415,20
2024-10-31,573.4,586.12,565.27,568.64,976068800.0,-0.83,20.85,42437774,23
2024-11-30,571.32,603.35,567.89,602.55,901760600.0,5.47,35.46,45088030,20
2024-12-31,602.97,609.07,580.91,586.08,1059516700.0,-2.8,28.16,50453176,21
2025-01-31,589.39,610.78,575.35,601.82,995501600.0,2.11,35.43,49775080,20
2025-02-28,592.67,613.23,582.44,594.18,871641300.0,0.25,30.79,45875858,19
2025-03-31,596.18,597.34,546.87,559.39,1496591400.0,-6.17,50.47,71266257,21
2025-04-30,557.45,567.42,481.8,554.54,2237015100.0,-0.52,85.62,106524529,21
2025-05-31,560.37,595.54,556.04,589.39,1402172600.0,5.18,39.5,66770124,21
2025-06-30,587.76,619.22,585.06,617.85,1495410200.0,5.12,34.16,74770510,20
2025-07-31,616.36,639.85,615.52,632.08,1479850800.0,2.55,24.33,67265945,22
2025-08-31,626.3,649.48,619.29,645.05,1424047400.0,2.99,30.19,67811781,21
2025-09-30,637.5,667.34,634.92,666.18,1606348500.0,4.5,32.42,76492786,21
2025-10-31,663.17,689.7,652.84,682.06,1781815100.0,2.85,36.86,77470222,23
2025-11-30,685.67,685.8,650.85,683.39,1664668300.0,-0.33,34.95,87614121,19
2025-12-31,678.81,691.66,671.2,681.92,1656188700.0,0.46,20.46,75281305,22
2026-01-31,685.71,697.84,676.57,691.97,1600537800.0,0.91,21.27,80026890,20
2026-02-28,689.58,697.14,675.78,685.99,1614970000.0,-0.52,21.36,84998421,19
2026-03-31,678.7,688.62,629.28,650.34,2237624600.0,-4.18,59.34,101710209,22
2026-04-30,653.9,719.79,645.11,718.66,1196537500.0,9.9,74.68,56977976,21
2026-05-31,721.25,758.08,714.99,756.48,945132300.0,4.88,43.09,47256615,20
2026-06-30,755.36,760.4,716.58,746.77,1314920000.0,-1.14,43.82,62615238,21
2026-07-31,745.0,755.58,729.1,747.03,1064946100.0,0.27,26.48,48406641,22
2026-08-31,749.44,779.37,748.8,767.05,833955700.0,2.35,30.57,39712176,21
2026-09-30,762.01,774.89,749.6,773.5,628640800.0,1.51,25.29,44902914,14
