Date,Notes
2020-01-10,
2020-02-07,
2020-03-06,
2020-04-03,
2020-05-08,
2020-06-05,
2020-07-02,
2020-08-07,
2020-09-04,
2020-10-02,
2020-11-06,
2020-12-04,
2021-01-08,
2021-02-05,
2021-03-05,
2021-04-02,
2021-05-07,
2021-06-04,
2021-07-02,
2021-08-06,
2021-09-03,
2021-10-08,
2021-11-05,
2021-12-03,
2022-01-07,
2022-02-04,
2022-03-04,
2022-04-01,
2022-05-06,
2022-06-03,
2022-07-08,
2022-08-05,
2022-09-02,
2022-10-07,
2022-11-04,
2022-12-02,
2023-01-06,
2023-02-03,
2023-03-10,
2023-04-07,
2023-05-05,
2023-06-02,
2023-07-07,
2023-08-04,
2023-09-01,
2023-10-06,
2023-11-03,
2023-12-08,
2024-01-05,
2024-02-02,
2024-03-08,
2024-04-05,
2024-05-03,
2024-06-07,
2024-07-05,
2024-08-02,
2024-09-06,
2024-10-04,
2024-11-01,
2024-12-06,
2025-01-10,
2025-02-07,
2025-03-07,
2025-04-04,
2025-05-02,
2025-06-06,
2025-07-03,
2025-08-01,
2025-09-05,
2025-11-20,
2025-12-16,
2026-01-09,
2026-02-11,
2026-03-06,
2026-04-03,
2026-05-08,
2026-06-05,
2026-07-02,
2026-08-07,
2026-09-04,
2026-10-02,
2026-11-06,
2026-12-04,
